,Modelo,Preço,Link
0,Memoria DDR2 800mhz  2GB  Kingston KVR800D2N6/2G,"R$35,80",https://click1.mercadolivre.com.br/mclics/clicks/external/MLB/count?a=F%2F1ZzFzU5zDJi7nWwo4HaHXKm6Jcd2zEAuCreRiQNuZKJX5LRb1UScJltTBrFc0g%2F9lapqxuGCdjAhyeOz%2BZFa5EhUjzss6ANJ1KiLbDosrvRUOUFH6Hcw3iflr%2FDyYlS5c%2Fp93Fmr4fhCOOe7xjUGps4DJ5EpWc9p08qZYs7pzbmuS00a%2B1kYyjS68%2BVOfQs%2FzY39a2YwDNGo9%2FOLin2KY%2BVEysxCDpe2eeJGqld6dhuMDXtuo7ZVuUe8a6fspsnzPOxbNnz6ANy1qC8%2BHLaXT1fA9ctkp%2BitGMWC62iph0s04lLZCRLyD8jWUmHRcUh1x6X79Liq%2FE9xLp%2FjhCvOfLvAfs9FvD2aIEcQrx9tGlbr7AckuZ7O7qAOQCTsYqlbO74lC6C%2BQkrnWXAPF6lMMG3SXuDhqPIyPerKaw5Xxzc37Kz7LVGFMN5jlDNASxVqEalqBvsRBh62KAztsqGZ%2BB0UlkV8qQeuEutO%2FCWG0iiMUq4wdcpYeObRVmK1mLvndgs20LGhgJDUw0%2BiVOnQPE%2FZHRt5eIUu9kogz2VjFbz%2FGpRxOe9SmoW5EwCHk4BveFr59pLLMmjxiwNWK9tks8m6ORhZpQ8W%2Blo%2FeFXxmGdNON%2BBogxZyTRaPo%2B%2FHi6tDcJaSYC22blMdJpFb7mfGXMclv7NSOoHwh2Go6hmI5QQH4x4%2B4RJ%2FZ3vL%2Bm4zNR6tZtyUj6qsYuICybwuue9Fo3wpuGNbVGgN%2BxpVARMnLdmlhKIblW0UgJTIioebrD6ngAy6DQYYSBfcHJIZnYWLYEkMpWACbuI90UOg%3D&e=mclics%2Fadvertising-results-augmenter-on%2B15098%2Cmclics%2Fvariant-candidates%2B31710%2Cmclics%2Fpseudo-search-pads-buybox%2B7708%2Cmclics%2Fdiscard-bid-lt-min%2B45362%2Cmclics%2Fmax-bid-capped%2B36382%2Cmclics%2Fmax-bid-item-factor%2B23927&rb=x
1,Memória RAM color verde  16GB 1 Lenovo 4ZC7A08699,R$1.285,https://click1.mercadolivre.com.br/mclics/clicks/external/MLB/count?a=0vnACrLD2FCUgm0572cmw4roqTzULeDhoxjqHgPTNorvg2K4FsjlZJaULeSH0pYE7O5q7%2FLueLK%2B7m%2F0Ga2t1yPgueX0BA%2FXmkZqjKdzwygjIOCRQqxHIFFYVzMKcnXBp%2F1CUt642lQrhLYgcqE9qpcVOCPb4t75g02aHRi3T%2B8VMqV8J0gjBUn3jwbgqZv%2FsyqymzAEKAEKrKyIWfosgByx%2Fhs5Kzmoxc6MWOLxrxVD6CEur6OiN0zQWjOPKclUE8Qg8dDSyWyDrRkPntgRcB5DHCU9IxxXpdN6AckMig8YmGVN5aJR2H3ECYTSejzk7Fj0NDwGh14U012cupcRKj0UOpgEmOSYKYYe8bPvNqrfLKvUqBvztpLHXgadKyeoIO2RyrviITOR2VAqdVBUqIPyNtC13RL%2FNIUt%2Bm2gxGnBGu8cBiovgEAhZh8S5Hl2JopGSzKuVkcmTkDnC7zFluU9mXhlehvPDlXs%2FNunHtoXYD7bBk8tYu6izW0lVHFcGss39FzkOnAAIEXCp6E1f73yqjxQIMUM8tepB%2FnRpiGIsliirxSmunyGnFaEAXxdXO7SUO1fzH6HW%2Bn8zTGLrF8BbuIM7uLCNtpzmXwZMkDaZObkF4i1dPVhzJS6jodymu0LdpfGi13jHCDNqgqGsYdqrHAgJyMZ5TuvuqlKXlXTyGUBv7ZCJxMlSwi1WGIuoP64MOBbOl2BwRLVlC0%2Bwg8RYPIQYxut2szI9DxLBLwfrtkwD5gVQOhnR%2BT2hTAAOQ7xJk5HmYJ%2FVfYOvhCeOqOWjiddLeTFciqtcf63sPw%3D&e=mclics%2Fadvertising-results-augmenter-on%2B15098%2Cmclics%2Fvariant-candidates%2B31710%2Cmclics%2Fpseudo-search-pads-buybox%2B7708%2Cmclics%2Fdiscard-bid-lt-min%2B45362%2Cmclics%2Fmax-bid-capped%2B36382%2Cmclics%2Fmax-bid-item-factor%2B23927&rb=x
2,Memória RAM color verde  16GB 1 Crucial CT16G4SFD824A,R$265,https://click1.mercadolivre.com.br/mclics/clicks/external/MLB/count?a=y51pMrDFg8IjkpHuIaLkFP397pdDyzuU0ZntpNC7VXLL%2FgGdIvtflxjmmDEKb6I2LEEQTHMcggen%2F1pkPFSQc6j%2B8KE9OmSlvDuVk%2BXCh%2F1ryk%2FY%2BQg%2B1%2BFHSMzd9Y9M92XYrzzTh7cR13FiY%2B%2FTGzB86OlgKmRkIVXXrIrkEgz3d0H8%2FIWiTD8rgP6nUs7IODsNTdRbGFmB8i6WM7NdPWBKab%2F9RsD4%2FUOn8gkmuwnOySnRLnj6K%2FXYGL%2Fmbjn3jUyv7HNixbGWiJIgCAt9%2BMksox5A4EQgSOM%2FDR5K7MmcAJYV6XYunmtU6fIKVjw%2FNjpmqnv9RJvZIAehYUzKqPTVYnXJFc2aEwZarGCmtDZj81y6oNEMTZhPLesaa0g6%2FrWKvUbeJkxHAu06kZuNcufVejf%2BmdbBsoKTh1KRuF0vggQZ8VXwcRI03LjxFi%2Bq7x2BIspoUH7pOdb9tXD7k1YkPR6QqBC%2BOf7mjdD5%2BTup6ptEeCl2feXiobH%2B5JeqvN4DtB86au0NF0rgVWS9JX2mDIUtITA%2FBjPWRUnJ7NdX9Oy5Ji3BhAAVbkhxTxbEwocNrPSZDJABpmTplSgHmuxYrEz9%2BOQW%2FSBA3MeaAfLRE3BCjp4kkhfHkjr2vQgsS%2Bcvfp6frQDNmcKCPcmdYDcEOeTQFT0yvYKEgJFfD0lQ307EP4rYPQ%2Fbscn5XMS6LaUYfhu9OEksNJwBImpR4N%2BIUfgNZ6FOFTq%2BimnPvE0YQM52AsPULHDZskoCE8oX80ChSW8TiXKTVD2Jg9Q2lx112%2FRud%2Fjnl0zvEmYbzFacuIOc&e=mclics%2Fadvertising-results-augmenter-on%2B15098%2Cmclics%2Fvariant-candidates%2B31710%2Cmclics%2Fpseudo-search-pads-buybox%2B7708%2Cmclics%2Fdiscard-bid-lt-min%2B45362%2Cmclics%2Fmax-bid-capped%2B36382%2Cmclics%2Fmax-bid-item-factor%2B23927&rb=x
3,Memória ValueRAM 1x4GB Kingston KVR1333D3N9/4G Cor Verde,"R$45,76",https://www.mercadolivre.com.br/memoria-valueram-1x4gb-kingston-kvr1333d3n94g-cor-verde/p/MLB6062278#searchVariation%3DMLB6062278%26position%3D6%26search_layout%3Dgrid%26type%3Dproduct%26tracking_id%3D1a376e00-b948-4b0a-94c9-828b074dfa3b
4,Memoria DDR2 800mhz  2GB  Kingston KVR800D2N6/2G,"R$35,80",https://www.mercadolivre.com.br/memoria-ddr2-800mhz-2gb-kingston-kvr800d2n62g/p/MLB6062308#searchVariation%3DMLB6062308%26position%3D9%26search_layout%3Dgrid%26type%3Dproduct%26tracking_id%3D1a376e00-b948-4b0a-94c9-828b074dfa3b
5,Fury Beast Rgb Ddr4 3200mt/s 8gb Memória RAM KF432c16bb2a/8,"R$189,90",https://www.mercadolivre.com.br/fury-beast-rgb-ddr4-3200mts-8gb-memoria-ram-kf432c16bb2a8/p/MLB27791387#searchVariation%3DMLB27791387%26position%3D18%26search_layout%3Dgrid%26type%3Dproduct%26tracking_id%3D1a376e00-b948-4b0a-94c9-828b074dfa3b
6,Memória RAM ValueRAM color verde  4GB 1 Kingston KVR1333D3S9/4G,"R$35,33",https://www.mercadolivre.com.br/memoria-ram-valueram-color-verde-4gb-1-kingston-kvr1333d3s94g/p/MLB6065670#searchVariation%3DMLB6065670%26position%3D26%26search_layout%3Dgrid%26type%3Dproduct%26tracking_id%3D1a376e00-b948-4b0a-94c9-828b074dfa3b
7,"Memória Corsair Vengeance Lpx 16gb(1x16gb), Ddr4, 3000mhz","R$338,90",https://www.mercadolivre.com.br/memoria-corsair-vengeance-lpx-16gb1x16gb-ddr4-3000mhz/p/MLB14729184#searchVariation%3DMLB14729184%26position%3D14%26search_layout%3Dgrid%26type%3Dproduct%26tracking_id%3D1a376e00-b948-4b0a-94c9-828b074dfa3b
8,Memória RAM Gamer color verde  8GB 1 Crucial CT8G4SFS8266,R$144,https://www.mercadolivre.com.br/memoria-ram-gamer-color-verde-8gb-1-crucial-ct8g4sfs8266/p/MLB11011362#searchVariation%3DMLB11011362%26position%3D15%26search_layout%3Dgrid%26type%3Dproduct%26tracking_id%3D1a376e00-b948-4b0a-94c9-828b074dfa3b
9,Memoria Hp 32gb Ddr4 Ecc Hp Dl380 Dl388 Dl180 Dl360 G9 C/nfe,R$1.225,https://click1.mercadolivre.com.br/mclics/clicks/external/MLB/count?a=V3n5Aa31svfNdTHn%2FV8IKewlKQ0w2bRjcIbxClZEHEdhDrkNAp8XeodqFlLow%2B3BdX2TX1FTr9J6o7uxov5N%2Bp9HOAiSXtH35GpYFYidFHc01PyYWYD0nMsTkqwooSSTXWTqgaoW9YqA9b4xdH3UV1xdcCWEeFcvK2b87gYWArwVgdcEy%2BicO8XrGZFtvsaWMtJR3CUf6ibrvYlhyZ8P5CzPsARMHRI%2F5%2Brn2Xdf76aKX3Dhmqtff5Q3QwYtomBfe8CI4IFs%2FC2XEEg%2BhvqmItYaFthe1z8lyexmhaUpDP16HkOpX%2F9Vthiz2rSBsrNHObWH%2Bzxm2%2Fb2YDG0ilZR2NpFlpDQKNMb9JV64JimtGd7cO%2Fq%2FnKhOB%2BrgGh6rGo8lXov8UldbnfxQQiZy7qa1%2BA1ftAiISSJKlTJaMS%2BG3q089bsjsZD7oiiXuezuOk3CQP7gECt59MUAwQ8DrKiKxnGd7SkBkbhECgpMPdtsrSDj6aF6FzVaDa0WGGUr7hNMzvWvrqleDKiD0Extinc2IoeV3SKP6q8QW3MSEoyvgZqeXa8sRCleVgDKtcp3jCqda3yF7UJGQtIZKhHvewUDjaBChl8iULzLinUaB9lxLmaZl%2B%2FYH8DkBdo8yDj%2Bw0IfrcyPwjLeNxmmEHSM622trT4GLjgE4NKoWkBmnoTEtEaKKGSCvyG0AR8Ca7aSrpXmqfh07wHBXGRKaDpB0ZJHHhY%2FHeMCuluT4%2BwIHDX%2FZjmpDMND%2FSye3MlUDM%3D&e=mclics%2Fadvertising-results-augmenter-on%2B15098%2Cmclics%2Fvariant-candidates%2B31710%2Cmclics%2Fpseudo-search-pads-buybox%2B7708%2Cmclics%2Fdiscard-bid-lt-min%2B45362%2Cmclics%2Fmax-bid-capped%2B36382%2Cmclics%2Fmax-bid-item-factor%2B23927&rb=x
10,Memória RAM Notebook Gamer PUSKILL VENENO DDR3 8gb 1600mhz 1.35v PC3l-12800 Sodimm,"R$69,99",https://click1.mercadolivre.com.br/mclics/clicks/external/MLB/count?a=kHjAq0f2MjNZxhI12F4o%2Be3yT%2F9raQFfgiqmFAnKmeBsFfOQ%2Bdq9KMg%2BJAcRtJdiKDAHtAr%2BqMZ%2BQnCSYETYHj2bFeaPiY4u1IDrvNdkZbOC4hOTy6KScB9WHuMDvGR8nlExlTWua2WDUP1%2BkgVxWhWuUFmnIAOB8W%2BqunpPFCiNswj6uvR8KjD9gX13uLWvEkRewkiNqkvZ%2B72aKA%2BEJvDeNHZQg9nmKI0vhycmaQGXnu%2ByK17Cu5aXNh5krE9ifYnZN2gkIXSC49JtL9UwHy%2B11YC73X4PVqFJcy4YhlNl%2Fto7GD4kG4MQRdKrzRwDRoxie%2FZriO9YWq0FqhT30x%2Fj%2FqhVc3PXjvQroHD29FM3iFdmMCHShvT8%2BRz6KqaaZDtS79oo7pOvOQbsezzAXSROiOHtdNELpILhEIesjWK7NIa7vBw6pkJPim4j9Vqf0fZwi%2BhnubLc5l0VGVnNOJKTbXYmVWRA94I1nPOQLeUITZLnQ5Az%2FFZKMcV8ajACEycEktD1%2BKPfgtQ2SsjknLuzpvXtfuoro3rKA2eT28xFGVw%2FxWrlSKwZDdqpkscXTWDFwAtCyjvjpLWZn%2F8oMjLOO9%2FNhnOo6EkE%2FK4W%2F86z4%2F8i3sd0tyFhvFIg3V5ez%2BQ6rYWV52qNZWqkJR3%2FGozG42KiXRQe5TMXrgZW8LIq86Dn60eJ%2B%2FR9ryVIHqHi8vIL%2Bj%2BoaU491d2oyT73W%2B09H2eSmTPQKPe%2FiYHOj4Y7%2ByPODyXU54EFv87GRIVYbEN4kUpvrWw3JTuDSeugvohy75wJVoJ%2BYqDiCKnUBYp7ID%2FXVK4uCV4ge%2BxuFb5jAjSMfmJE8pqyrkoOoZwrKGFUScM%3D&e=mclics%2Fadvertising-results-augmenter-on%2B15098%2Cmclics%2Fvariant-candidates%2B31710%2Cmclics%2Fpseudo-search-pads-buybox%2B7708%2Cmclics%2Fdiscard-bid-lt-min%2B45362%2Cmclics%2Fmax-bid-capped%2B36382%2Cmclics%2Fmax-bid-item-factor%2B23927&rb=x
11,Memória DELL 16GB DDR4-2133P RDIMM SNP1R8CRC/16G,"R$312,55",https://click1.mercadolivre.com.br/mclics/clicks/external/MLB/count?a=92wICUbrSSOZ2nZ%2B%2B9eTmchmENdOxekZilFh%2BG%2Fr4F5HREPrfg4LtjZGALiD7gpDFcrJr1Nx5QW0MLpKFkSWJjLy24MnxrARPuH%2B1IDGOus9oBB0dpb9Mx2V8EsdpJL66AEk2EU5HzTWUSsXFymgQ5fYt%2F4q%2F24GBlfvT3jSYNLkqWO2iO20%2FTiIwoC%2FqspzinI9UN816QfjZ8gSrQzaBvMO%2FfVBWPz2GWQRcuPXgA9Nqn7v7gXO7hMmTfeKeENwwKenAKjtuka%2FgC27b0l8BBlOYOIVdRX7szOh%2B%2B8F0QFg8VhfutwuiHCLRRZogcjpgpczN1aUXTs6PQkwkPUuLebfRbDykHVSkYd53jg5H4158a6sWYGBFJujUSiMh5krjNszsSzSBopEfA1Xrv3jUBYB6ROQF%2FeoJ%2FpCuuw%2FHSMEKG8FYbpjOjwSSfjc8zKqH5IY6gG%2FF8gsNsDGdpx5%2BCWDFj4AE7AqNL4OCXNIFSqfxMsfv9cocLey6OMp43FBocgGcO6nNHPeyK1sDMO2331wPrZsdSUF2KV1%2Fx%2Fzks%2BTcWDLZU5rjVWqXSLsbA3dapT80gU4xqm0xg93fwCNrU9cDvkDkDhtc3sgY0ry6LsgionocOqz9dM9qXoxFvjtVsHZLSKI9V5PtDZzHLJTSBqubDJdtlCdUM3NnG9Lg4CeLyq85Ng0Lz%2Fbmh8J3L9NVVTV81F3gz5kt%2FiCZHvkzyHxw6IMyTMFI5Qm0GKGj8yixTPRuNI6joOvFVY%2FuS6T9KsOoT%2FiHK4Y%2BHFE3B081H6jgFOAe3BUEnclDC4vvzAYZw%3D%3D&e=mclics%2Fadvertising-results-augmenter-on%2B15098%2Cmclics%2Fvariant-candidates%2B31710%2Cmclics%2Fpseudo-search-pads-buybox%2B7708%2Cmclics%2Fdiscard-bid-lt-min%2B45362%2Cmclics%2Fmax-bid-capped%2B36382%2Cmclics%2Fmax-bid-item-factor%2B23927&rb=x
12,Memória RAM ValueRAM color verde  8GB 1 Kingston KVR1333D3N9/8G,"R$51,12",https://www.mercadolivre.com.br/memoria-ram-valueram-color-verde-8gb-1-kingston-kvr1333d3n98g/p/MLB6062317#searchVariation%3DMLB6062317%26position%3D17%26search_layout%3Dgrid%26type%3Dproduct%26tracking_id%3D1a376e00-b948-4b0a-94c9-828b074dfa3b
13,Memória RAM Desktop RZX Gamer Fire Dragon DDR3 8GB 1600MHz 1.5v Pc3-12800 Dimm Preto,"R$65,55",https://www.mercadolivre.com.br/memoria-ram-desktop-rzx-gamer-fire-dragon-ddr3-8gb-1600mhz-15v-pc3-12800-dimm-preto/p/MLB14729323#searchVariation%3DMLB14729323%26position%3D4%26search_layout%3Dgrid%26type%3Dproduct%26tracking_id%3D1a376e00-b948-4b0a-94c9-828b074dfa3b
14,Memória RAM ValueRAM 4GB Kingston KVR16LS11/4 PC3L-12800 CL11 1600MHz,R$34,https://www.mercadolivre.com.br/memoria-ram-valueram-4gb-kingston-kvr16ls114-pc3l-12800-cl11-1600mhz/p/MLB6062288#searchVariation%3DMLB6062288%26position%3D13%26search_layout%3Dgrid%26type%3Dproduct%26tracking_id%3D1a376e00-b948-4b0a-94c9-828b074dfa3b
15,Memória RAM color verde  8GB 1 Crucial CB8GS2666,R$148,https://www.mercadolivre.com.br/memoria-ram-color-verde-8gb-1-crucial-cb8gs2666/p/MLB18928079#searchVariation%3DMLB18928079%26position%3D7%26search_layout%3Dgrid%26type%3Dproduct%26tracking_id%3D1a376e00-b948-4b0a-94c9-828b074dfa3b
16,Memória Ram 4gb Ddr3 | Rise Mode | 1600mhz | Desktop,"R$53,43",https://www.mercadolivre.com.br/memoria-ram-4gb-ddr3-rise-mode-1600mhz-desktop/p/MLB37900379#searchVariation%3DMLB37900379%26position%3D16%26search_layout%3Dgrid%26type%3Dproduct%26tracking_id%3D1a376e00-b948-4b0a-94c9-828b074dfa3b
17,Memória Ram 4gb Ddr3 | Rise Mode | 1600mhz | Notebook,"R$53,43",https://www.mercadolivre.com.br/memoria-ram-4gb-ddr3-rise-mode-1600mhz-notebook/p/MLB37901508#searchVariation%3DMLB37901508%26position%3D8%26search_layout%3Dgrid%26type%3Dproduct%26tracking_id%3D1a376e00-b948-4b0a-94c9-828b074dfa3b
18,Memória RAM ValueRAM color verde  16GB 1 Kingston KVR32S22S8/16,R$256,https://www.mercadolivre.com.br/memoria-ram-valueram-color-verde-16gb-1-kingston-kvr32s22s816/p/MLB17544853#searchVariation%3DMLB17544853%26position%3D5%26search_layout%3Dgrid%26type%3Dproduct%26tracking_id%3D1a376e00-b948-4b0a-94c9-828b074dfa3b
19,Memória RAM Vengeance color branco  32GB 2 Corsair Vengeance CMK32GX5M2B5200C40,R$940,https://www.mercadolivre.com.br/memoria-ram-vengeance-color-branco-32gb-2-corsair-vengeance-cmk32gx5m2b5200c40/p/MLB19622495#searchVariation%3DMLB19622495%26position%3D46%26search_layout%3Dgrid%26type%3Dproduct%26tracking_id%3D1a376e00-b948-4b0a-94c9-828b074dfa3b
20,Memória RAM color verde  4GB 1 Multilaser MM410,"R$195,86",https://www.mercadolivre.com.br/memoria-ram-color-verde-4gb-1-multilaser-mm410/p/MLB19885957#searchVariation%3DMLB19885957%26position%3D27%26search_layout%3Dgrid%26type%3Dproduct%26tracking_id%3D1a376e00-b948-4b0a-94c9-828b074dfa3b
21,Memória RAM color verde  8GB 1 Crucial CT8G4SFD824A,R$155,https://www.mercadolivre.com.br/memoria-ram-color-verde-8gb-1-crucial-ct8g4sfd824a/p/MLB18922312#searchVariation%3DMLB18922312%26position%3D23%26search_layout%3Dgrid%26type%3Dproduct%26tracking_id%3D1a376e00-b948-4b0a-94c9-828b074dfa3b
22,Memória P/notebook Ddr4 8gb 2666mhz Fury Impact - Kingston,R$132,https://www.mercadolivre.com.br/memoria-pnotebook-ddr4-8gb-2666mhz-fury-impact-kingston/p/MLB18614436#searchVariation%3DMLB18614436%26position%3D24%26search_layout%3Dgrid%26type%3Dproduct%26tracking_id%3D1a376e00-b948-4b0a-94c9-828b074dfa3b
23,Memória RAM Fury DDR4 color preto  8GB 1 HyperX HX426C16FB2/8,R$239,https://www.mercadolivre.com.br/memoria-ram-fury-ddr4-color-preto-8gb-1-hyperx-hx426c16fb28/p/MLB14728866#searchVariation%3DMLB14728866%26position%3D20%26search_layout%3Dgrid%26type%3Dproduct%26tracking_id%3D1a376e00-b948-4b0a-94c9-828b074dfa3b
24,Memória Para Notebook Rise Mode Value 8gb 2666mhz Ddr4 Cl17,"R$171,10",https://www.mercadolivre.com.br/memoria-para-notebook-rise-mode-value-8gb-2666mhz-ddr4-cl17/p/MLB36619431#searchVariation%3DMLB36619431%26position%3D22%26search_layout%3Dgrid%26type%3Dproduct%26tracking_id%3D1a376e00-b948-4b0a-94c9-828b074dfa3b
25,Memória RAM color verde 16GB 1 DDR4 2133Mhz Crucial CT16G4SFD8213,R$253,https://www.mercadolivre.com.br/memoria-ram-color-verde-16gb-1-ddr4-2133mhz-crucial-ct16g4sfd8213/p/MLB19833821#searchVariation%3DMLB19833821%26position%3D21%26search_layout%3Dgrid%26type%3Dproduct%26tracking_id%3D1a376e00-b948-4b0a-94c9-828b074dfa3b
26,Kit Com 3 Fans Rgb Gamdias Aeolus M3 1203r Argb Preto,"R$312,80",https://www.mercadolivre.com.br/kit-com-3-fans-rgb-gamdias-aeolus-m3-1203r-argb-preto/p/MLB35157728#searchVariation%3DMLB35157728%26position%3D25%26search_layout%3Dgrid%26type%3Dproduct%26tracking_id%3D1a376e00-b948-4b0a-94c9-828b074dfa3b
27,Memória RAM  8GB 1x8GB Smart SMU4WEC8C1K0464FCG,"R$145,90",https://www.mercadolivre.com.br/memoria-ram-8gb-1x8gb-smart-smu4wec8c1k0464fcg/p/MLB27601849#searchVariation%3DMLB27601849%26position%3D19%26search_layout%3Dgrid%26type%3Dproduct%26tracking_id%3D1a376e00-b948-4b0a-94c9-828b074dfa3b
28,Memória RAM Fury DDR3 color azul 8GB 1 HyperX HX316C10F/8,"R$84,99",https://www.mercadolivre.com.br/memoria-ram-fury-ddr3-color-azul-8gb-1-hyperx-hx316c10f8/p/MLB14729105#searchVariation%3DMLB14729105%26position%3D29%26search_layout%3Dgrid%26type%3Dproduct%26tracking_id%3D1a376e00-b948-4b0a-94c9-828b074dfa3b
29,Memória RAM color verde  16GB 1 Crucial CT16G4SFD824A,R$265,https://www.mercadolivre.com.br/memoria-ram-color-verde-16gb-1-crucial-ct16g4sfd824a/p/MLB18921998#searchVariation%3DMLB18921998%26position%3D30%26search_layout%3Dgrid%26type%3Dproduct%26tracking_id%3D1a376e00-b948-4b0a-94c9-828b074dfa3b
30,Memória RAM color verde  8GB 1 Crucial CT102464BD160B,R$115,https://www.mercadolivre.com.br/memoria-ram-color-verde-8gb-1-crucial-ct102464bd160b/p/MLB6510630#searchVariation%3DMLB6510630%26position%3D28%26search_layout%3Dgrid%26type%3Dproduct%26tracking_id%3D1a376e00-b948-4b0a-94c9-828b074dfa3b
31,Memória RAM PC3L color verde  4GB 1 Smart SH564128FJ8NWRNSQR,"R$75,51",https://www.mercadolivre.com.br/memoria-ram-pc3l-color-verde-4gb-1-smart-sh564128fj8nwrnsqr/p/MLB11730670#searchVariation%3DMLB11730670%26position%3D34%26search_layout%3Dgrid%26type%3Dproduct%26tracking_id%3D1a376e00-b948-4b0a-94c9-828b074dfa3b
32,Memória Ram Ddr5 Corsair Vengeance Rgb 2 X 16 32gb 5600 mhz,R$990,https://www.mercadolivre.com.br/memoria-ram-ddr5-corsair-vengeance-rgb-2-x-16-32gb-5600-mhz/p/MLB27937977#searchVariation%3DMLB27937977%26position%3D33%26search_layout%3Dgrid%26type%3Dproduct%26tracking_id%3D1a376e00-b948-4b0a-94c9-828b074dfa3b
33,Memória 16gb 3200mhz Rgb Redragon Magma Ddr4,R$303,https://www.mercadolivre.com.br/memoria-16gb-3200mhz-rgb-redragon-magma-ddr4/p/MLB32103184#searchVariation%3DMLB32103184%26position%3D36%26search_layout%3Dgrid%26type%3Dproduct%26tracking_id%3D1a376e00-b948-4b0a-94c9-828b074dfa3b
34,Memória RAM color verde  8GB 1 Golden Memory GM16N11/8,"R$53,63",https://www.mercadolivre.com.br/memoria-ram-color-verde-8gb-1-golden-memory-gm16n118/p/MLB22277290#searchVariation%3DMLB22277290%26position%3D31%26search_layout%3Dgrid%26type%3Dproduct%26tracking_id%3D1a376e00-b948-4b0a-94c9-828b074dfa3b
35,Memória RAM color verde  16GB 1 IBM 46W0796,R$400,https://www.mercadolivre.com.br/memoria-ram-color-verde-16gb-1-ibm-46w0796/p/MLB18922331#searchVariation%3DMLB18922331%26position%3D35%26search_layout%3Dgrid%26type%3Dproduct%26tracking_id%3D1a376e00-b948-4b0a-94c9-828b074dfa3b
36,Memória Gamer Redragon Magma 32gb Ddr4 3200mhz Rgb - Gm-803,R$563,https://www.mercadolivre.com.br/memoria-gamer-redragon-magma-32gb-ddr4-3200mhz-rgb-gm-803/p/MLB34013202#searchVariation%3DMLB34013202%26position%3D37%26search_layout%3Dgrid%26type%3Dproduct%26tracking_id%3D1a376e00-b948-4b0a-94c9-828b074dfa3b
37,Memória RAM color verde  4GB 1 Smart SH564128FJ8NWRNSQG,R$69,https://www.mercadolivre.com.br/memoria-ram-color-verde-4gb-1-smart-sh564128fj8nwrnsqg/p/MLB11403305#searchVariation%3DMLB11403305%26position%3D32%26search_layout%3Dgrid%26type%3Dproduct%26tracking_id%3D1a376e00-b948-4b0a-94c9-828b074dfa3b
38,Memória RAM color verde  8GB 1 Smart SF4641G8CK8IEHLSBG,R$186,https://www.mercadolivre.com.br/memoria-ram-color-verde-8gb-1-smart-sf4641g8ck8iehlsbg/p/MLB14307020#searchVariation%3DMLB14307020%26position%3D40%26search_layout%3Dgrid%26type%3Dproduct%26tracking_id%3D1a376e00-b948-4b0a-94c9-828b074dfa3b
39,Memória Ddr3 4GB Kingston 1600mhz - Pc3--12800 KVR16N11/4,"R$56,89",https://www.mercadolivre.com.br/memoria-ddr3-4gb-kingston-1600mhz-pc3-12800-kvr16n114/p/MLB7934317#searchVariation%3DMLB7934317%26position%3D42%26search_layout%3Dgrid%26type%3Dproduct%26tracking_id%3D1a376e00-b948-4b0a-94c9-828b074dfa3b
40,Memória 8gb Ddr3 2rx8 Pc3l-12800e Servidor Dell Hp Ibm Ecc,"R$224,48",https://www.mercadolivre.com.br/memoria-8gb-ddr3-2rx8-pc3l-12800e-servidor-dell-hp-ibm-ecc/p/MLB21472750#searchVariation%3DMLB21472750%26position%3D38%26search_layout%3Dgrid%26type%3Dproduct%26tracking_id%3D1a376e00-b948-4b0a-94c9-828b074dfa3b
41,Memória Ram 4gb Ddr4 | Rise Mode | 2666mhz | Notebook,"R$98,08",https://produto.mercadolivre.com.br/MLB-4655167712-memoria-ram-4gb-ddr4-rise-mode-2666mhz-notebook-_JM#position%3D51%26search_layout%3Dgrid%26type%3Ditem%26tracking_id%3D1a376e00-b948-4b0a-94c9-828b074dfa3b
42,Memória RAM ValueRAM color verde  8GB 1 Kingston 3200Mhz DDR4  KVR32S22S6/8,R$128,https://www.mercadolivre.com.br/memoria-ram-valueram-color-verde-8gb-1-kingston-3200mhz-ddr4-kvr32s22s68/p/MLB19036775#searchVariation%3DMLB19036775%26position%3D39%26search_layout%3Dgrid%26type%3Dproduct%26tracking_id%3D1a376e00-b948-4b0a-94c9-828b074dfa3b
43,Memória Ram Color Verde 1gb Markvision Bmd11024m0400c3-1242,"R$25,01",https://produto.mercadolivre.com.br/MLB-4846789952-memoria-ram-color-verde-1gb-markvision-bmd11024m0400c3-1242-_JM#position%3D52%26search_layout%3Dgrid%26type%3Ditem%26tracking_id%3D1a376e00-b948-4b0a-94c9-828b074dfa3b
44,Memória Zorq Ddr2 1 Pente 2gb 667mhz Desktop,"R$46,90",https://produto.mercadolivre.com.br/MLB-4883182134-memoria-zorq-ddr2-1-pente-2gb-667mhz-desktop-_JM#position%3D53%26search_layout%3Dgrid%26type%3Ditem%26tracking_id%3D1a376e00-b948-4b0a-94c9-828b074dfa3b
45,Memória Fury Beast Rgb 32gb 2x16gb 6000mhz Ddr5 + Nota Fisca,R$1.199,https://www.mercadolivre.com.br/memoria-fury-beast-rgb-32gb-2x16gb-6000mhz-ddr5-nota-fisca/p/MLB27576376#searchVariation%3DMLB27576376%26position%3D41%26search_layout%3Dgrid%26type%3Dproduct%26tracking_id%3D1a376e00-b948-4b0a-94c9-828b074dfa3b
46,Memória RAM Fury DDR4 color preto  8GB 1 HyperX HX426C16FB3/8,R$179,https://www.mercadolivre.com.br/memoria-ram-fury-ddr4-color-preto-8gb-1-hyperx-hx426c16fb38/p/MLB15178125#searchVariation%3DMLB15178125%26position%3D43%26search_layout%3Dgrid%26type%3Dproduct%26tracking_id%3D1a376e00-b948-4b0a-94c9-828b074dfa3b
47,Memória Fury Beast 8gb Ddr4 2666mhz kf426c16bb/8 Kingston,"R$174,90",https://www.mercadolivre.com.br/memoria-fury-beast-8gb-ddr4-2666mhz-kf426c16bb8-kingston/p/MLB18614438#searchVariation%3DMLB18614438%26position%3D44%26search_layout%3Dgrid%26type%3Dproduct%26tracking_id%3D1a376e00-b948-4b0a-94c9-828b074dfa3b
48,Memória SAMSUNG 16GB DDR3- 12800 RDIMM M393B2G70BH0-YK0 Cor Verde,R$251,https://www.mercadolivre.com.br/memoria-samsung-16gb-ddr3-12800-rdimm-m393b2g70bh0-yk0-cor-verde/p/MLB18915047#searchVariation%3DMLB18915047%26position%3D45%26search_layout%3Dgrid%26type%3Dproduct%26tracking_id%3D1a376e00-b948-4b0a-94c9-828b074dfa3b
49,Memória RAM color verde  8GB 1 Crucial CT8G4SFS832A,R$148,https://www.mercadolivre.com.br/memoria-ram-color-verde-8gb-1-crucial-ct8g4sfs832a/p/MLB17333005#searchVariation%3DMLB17333005%26position%3D47%26search_layout%3Dgrid%26type%3Dproduct%26tracking_id%3D1a376e00-b948-4b0a-94c9-828b074dfa3b
50,Memória De Kingston 8gb 2400mhz Ddr4 Notebook Laptop,R$149,https://produto.mercadolivre.com.br/MLB-3703449792-memoria-de-kingston-8gb-2400mhz-ddr4-notebook-laptop-_JM#position%3D54%26search_layout%3Dgrid%26type%3Ditem%26tracking_id%3D1a376e00-b948-4b0a-94c9-828b074dfa3b
51,Memória RAM Vengeance LPX color preto  16GB 1 Corsair CMK16GX4M1Z3600C18,R$319,https://www.mercadolivre.com.br/memoria-ram-vengeance-lpx-color-preto-16gb-1-corsair-cmk16gx4m1z3600c18/p/MLB17813126#searchVariation%3DMLB17813126%26position%3D48%26search_layout%3Dgrid%26type%3Dproduct%26tracking_id%3D1a376e00-b948-4b0a-94c9-828b074dfa3b
52,Memória Desktop Up Gamer 4gb Ddr3 1600mhz Up1600,"R$71,98",https://www.mercadolivre.com.br/memoria-desktop-up-gamer-4gb-ddr3-1600mhz-up1600/p/MLB20766010#searchVariation%3DMLB20766010%26position%3D49%26search_layout%3Dgrid%26type%3Dproduct%26tracking_id%3D1a376e00-b948-4b0a-94c9-828b074dfa3b
53,Memória RAM  2GB 1 SK hynix HMT125U6DFR8C-H9,"R$79,90",https://www.mercadolivre.com.br/memoria-ram-2gb-1-sk-hynix-hmt125u6dfr8c-h9/p/MLB15184341#searchVariation%3DMLB15184341%26position%3D50%26search_layout%3Dgrid%26type%3Dproduct%26tracking_id%3D1a376e00-b948-4b0a-94c9-828b074dfa3b
